Edge_ID,Source_Node,Target_Node,Source_Degree,Target_Degree,Clustering_Coeff,Source_Label,Connection_Type,Search_Priority,Is_Pattern_Match
E-100-268,100,268,37,30,0.09,A,Strong,High,1
E-109-173,109,173,29,18,0.1,A,Strong,High,1
E-82-157,82,157,35,35,0.09,A,Weak,High,0
E-5-77,5,77,23,26,0.11,C,Strong,High,0
E-225-245,225,245,29,33,0.09,D,Weak,High,0
E-25-219,25,219,36,32,0.11,D,Strong,High,0
E-61-256,61,256,30,29,0.13,D,Weak,High,0
E-180-236,180,236,34,29,0.1,D,Strong,High,0
E-82-255,82,255,35,29,0.09,C,Strong,High,0
E-28-95,28,95,26,30,0.09,A,Weak,High,0
E-45-296,45,296,31,31,0.09,C,Strong,High,0
E-29-99,29,99,25,30,0.08,A,Weak,High,0
E-76-208,76,208,31,30,0.1,A,Weak,High,0
E-10-33,10,33,27,28,0.08,C,Strong,High,0
E-41-172,41,172,19,23,0.1,C,Strong,High,0
E-25-120,25,120,36,32,0.11,C,Weak,High,0
E-112-145,112,145,39,38,0.1,A,Weak,High,0
E-213-253,213,253,29,22,0.08,A,Weak,High,0
E-66-187,66,187,35,42,0.08,C,Weak,High,0
E-72-198,72,198,27,28,0.11,A,Weak,High,0
E-73-222,73,222,38,26,0.1,C,Weak,High,0
E-15-278,15,278,32,29,0.11,C,Weak,High,0
E-59-187,59,187,36,42,0.11,B,Weak,High,0
E-84-251,84,251,33,37,0.1,B,Strong,High,0
E-232-248,232,248,37,37,0.1,A,Strong,High,1
E-87-101,87,101,38,33,0.11,B,Weak,High,0
E-134-199,134,199,32,30,0.09,D,Strong,High,0
E-244-298,244,298,45,36,0.1,B,Strong,High,0
E-175-218,175,218,33,31,0.12,C,Strong,High,0
E-224-296,224,296,33,31,0.08,A,Strong,High,1
E-136-138,136,138,29,41,0.12,A,Weak,High,0
E-7-62,7,62,31,33,0.12,C,Weak,High,0
E-69-70,69,70,28,26,0.09,A,Strong,High,1
E-28-254,28,254,26,28,0.09,C,Strong,High,0
E-150-275,150,275,42,37,0.09,C,Weak,High,0
E-24-273,24,273,29,30,0.12,C,Strong,High,0
E-109-225,109,225,29,29,0.1,A,Strong,High,1
E-95-241,95,241,30,23,0.08,D,Strong,High,0
E-73-77,73,77,38,26,0.1,C,Weak,High,0
E-60-231,60,231,32,31,0.1,C,Strong,High,0
E-167-177,167,177,22,38,0.07,A,Weak,High,0
E-79-173,79,173,34,18,0.09,A,Weak,High,0
E-45-186,45,186,31,27,0.09,B,Strong,High,0
E-37-157,37,157,25,35,0.12,C,Weak,High,0
E-97-120,97,120,31,32,0.11,A,Strong,High,1
E-20-35,20,35,32,36,0.1,B,Strong,High,0
E-60-132,60,132,32,24,0.1,D,Strong,High,0
E-99-179,99,179,30,37,0.13,A,Strong,High,1
E-0-198,0,198,34,28,0.09,C,Weak,High,0
E-101-163,101,163,33,30,0.1,D,Weak,High,0
E-59-82,59,82,36,35,0.11,D,Strong,High,0
E-60-117,60,117,32,29,0.1,A,Weak,High,0
E-97-239,97,239,31,30,0.11,C,Strong,High,0
E-90-268,90,268,36,30,0.11,C,Weak,High,0
E-67-259,67,259,17,36,0.09,B,Weak,High,0
E-155-279,155,279,30,39,0.11,C,Weak,High,0
E-116-117,116,117,35,29,0.11,D,Strong,High,0
E-238-279,238,279,32,39,0.12,D,Weak,High,0
E-35-187,35,187,36,42,0.1,D,Weak,High,0
E-233-283,233,283,23,29,0.12,D,Strong,High,0
E-141-242,141,242,31,33,0.12,D,Strong,High,0
E-124-298,124,298,23,36,0.11,B,Weak,High,0
E-60-153,60,153,32,40,0.1,D,Weak,High,0
E-30-158,30,158,36,31,0.11,D,Strong,High,0
E-76-262,76,262,31,32,0.1,D,Strong,High,0
E-43-195,43,195,21,30,0.08,B,Strong,High,0
E-127-260,127,260,29,24,0.1,A,Weak,High,0
E-166-195,166,195,30,30,0.11,D,Weak,High,0
E-220-236,220,236,36,29,0.11,B,Weak,High,0
E-16-76,16,76,27,31,0.12,B,Strong,High,0
E-37-72,37,72,25,27,0.12,D,Strong,High,0
E-70-247,70,247,26,34,0.12,B,Weak,High,0
E-60-65,60,65,32,24,0.1,B,Strong,High,0
E-162-274,162,274,35,36,0.11,A,Weak,High,0
E-58-257,58,257,31,27,0.11,C,Weak,High,0
E-135-198,135,198,41,28,0.09,B,Strong,High,0
E-85-144,85,144,23,34,0.09,D,Weak,High,0
E-166-244,166,244,30,45,0.11,B,Weak,High,0
E-56-275,56,275,25,37,0.08,C,Weak,High,0
E-23-44,23,44,30,25,0.11,C,Weak,High,0
E-11-143,11,143,30,31,0.09,D,Strong,High,0
E-185-220,185,220,28,36,0.09,D,Weak,High,0
E-199-257,199,257,30,27,0.11,A,Strong,High,1
E-17-299,17,299,25,24,0.12,B,Weak,High,0
E-88-252,88,252,37,30,0.09,A,Strong,High,1
E-91-296,91,296,31,31,0.08,B,Weak,High,0
E-84-120,84,120,33,32,0.1,A,Weak,High,0
E-85-274,85,274,23,36,0.09,A,Strong,High,1
E-142-149,142,149,26,26,0.11,A,Strong,High,1
E-141-275,141,275,31,37,0.12,A,Weak,High,0
E-154-226,154,226,33,22,0.12,B,Strong,High,0
E-17-46,17,46,25,33,0.12,A,Weak,High,0
E-182-220,182,220,26,36,0.09,A,Weak,High,0
E-194-199,194,199,35,30,0.1,B,Strong,High,0
E-47-146,47,146,32,29,0.11,D,Strong,High,0
E-85-282,85,282,23,26,0.09,A,Strong,High,1
E-293-295,293,295,27,26,0.09,C,Weak,High,0
E-164-264,164,264,25,30,0.11,C,Strong,High,0
E-79-107,79,107,34,28,0.09,B,Strong,High,0
E-57-66,57,66,26,35,0.08,D,Strong,High,0
E-129-293,129,293,34,27,0.12,C,Strong,High,0
E-36-242,36,242,28,33,0.11,C,Weak,High,0
E-124-240,124,240,23,26,0.11,D,Weak,High,0
E-40-231,40,231,23,31,0.12,C,Weak,High,0
E-14-279,14,279,29,39,0.11,B,Strong,High,0
E-89-142,89,142,35,26,0.08,D,Weak,High,0
E-105-207,105,207,40,34,0.1,D,Weak,High,0
E-15-237,15,237,32,25,0.11,C,Weak,High,0
E-118-183,118,183,28,27,0.09,C,Weak,High,0
E-82-242,82,242,35,33,0.09,C,Weak,High,0
E-24-91,24,91,29,31,0.12,C,Strong,High,0
E-206-285,206,285,40,33,0.08,C,Weak,High,0
E-144-177,144,177,34,38,0.11,C,Strong,High,0
E-105-117,105,117,40,29,0.1,C,Strong,High,0
E-125-180,125,180,35,34,0.1,B,Strong,High,0
E-1-220,1,220,24,36,0.07,A,Weak,High,0
E-10-118,10,118,27,28,0.08,C,Weak,High,0
E-181-205,181,205,26,35,0.1,D,Strong,High,0
E-23-296,23,296,30,31,0.11,B,Weak,High,0
E-206-217,206,217,40,24,0.08,D,Weak,High,0
E-244-276,244,276,45,33,0.1,C,Strong,High,0
E-72-115,72,115,27,24,0.11,C,Strong,High,0
E-66-89,66,89,35,35,0.08,D,Weak,High,0
E-57-177,57,177,26,38,0.08,B,Weak,High,0
E-69-123,69,123,28,24,0.09,D,Weak,High,0
E-41-47,41,47,19,32,0.1,D,Strong,High,0
E-90-187,90,187,36,42,0.11,A,Strong,High,1
E-137-289,137,289,33,32,0.11,C,Weak,High,0
E-139-290,139,290,28,27,0.12,C,Weak,High,0
E-275-294,275,294,37,27,0.09,B,Weak,High,0
E-31-155,31,155,30,30,0.12,A,Weak,High,0
E-189-206,189,206,31,40,0.12,C,Weak,High,0
E-124-129,124,129,23,34,0.11,A,Weak,High,0
E-36-195,36,195,28,30,0.11,D,Strong,High,0
E-244-246,244,246,45,29,0.1,A,Weak,High,0
E-5-145,5,145,23,38,0.11,B,Weak,High,0
E-4-206,4,206,28,40,0.11,A,Strong,High,1
E-127-231,127,231,29,31,0.1,D,Strong,High,0
E-115-226,115,226,24,22,0.12,B,Weak,High,0
E-68-92,68,92,31,29,0.09,D,Strong,High,0
E-61-136,61,136,30,29,0.13,D,Weak,High,0
E-138-259,138,259,41,36,0.11,B,Weak,High,0
E-93-210,93,210,28,36,0.13,B,Strong,High,0
E-225-233,225,233,29,23,0.09,A,Weak,High,0
E-181-237,181,237,26,25,0.1,D,Strong,High,0
E-53-143,53,143,40,31,0.08,C,Strong,High,0
E-92-220,92,220,29,36,0.14,C,Weak,High,0
E-34-277,34,277,34,23,0.09,B,Strong,High,0
E-56-127,56,127,25,29,0.08,C,Strong,High,0
E-121-146,121,146,24,29,0.11,C,Weak,High,0
E-4-216,4,216,28,29,0.11,D,Weak,High,0
E-101-131,101,131,33,37,0.1,C,Strong,High,0
E-16-120,16,120,27,32,0.12,D,Strong,High,0
E-50-68,50,68,33,31,0.09,D,Weak,High,0
E-258-262,258,262,27,32,0.09,C,Weak,High,0
E-45-297,45,297,31,28,0.09,B,Strong,High,0
E-0-135,0,135,34,41,0.09,A,Strong,High,1
E-65-146,65,146,24,29,0.08,A,Weak,High,0
E-196-236,196,236,32,29,0.08,C,Strong,High,0
E-21-87,21,87,35,38,0.09,C,Weak,High,0
E-140-237,140,237,32,25,0.11,D,Strong,High,0
E-180-227,180,227,34,30,0.1,B,Strong,High,0
E-55-218,55,218,31,31,0.08,A,Strong,High,1
E-18-106,18,106,30,23,0.08,D,Strong,High,0
E-75-241,75,241,29,23,0.08,C,Weak,High,0
E-193-198,193,198,27,28,0.08,C,Weak,High,0
E-61-68,61,68,30,31,0.13,C,Weak,High,0
E-172-228,172,228,23,20,0.08,A,Strong,High,1
E-231-277,231,277,31,23,0.11,C,Weak,High,0
E-110-223,110,223,35,36,0.1,D,Strong,High,0
E-118-217,118,217,28,24,0.09,B,Strong,High,0
E-122-215,122,215,28,33,0.09,D,Strong,High,0
E-87-100,87,100,38,37,0.11,D,Weak,High,0
E-58-177,58,177,31,38,0.11,C,Weak,High,0
E-19-153,19,153,36,40,0.12,C,Weak,High,0
E-148-188,148,188,29,33,0.11,A,Weak,High,0
E-207-209,207,209,34,30,0.11,D,Weak,High,0
E-179-289,179,289,37,32,0.1,A,Weak,High,0
E-72-182,72,182,27,26,0.11,C,Weak,High,0
E-203-230,203,230,35,25,0.12,D,Strong,High,0
E-208-267,208,267,30,35,0.11,B,Weak,High,0
E-202-271,202,271,31,33,0.09,D,Strong,High,0
E-222-280,222,280,26,22,0.11,D,Weak,High,0
E-97-186,97,186,31,27,0.11,D,Strong,High,0
E-38-263,38,263,32,24,0.09,A,Strong,High,1
E-57-90,57,90,26,36,0.08,A,Weak,High,0
E-202-220,202,220,31,36,0.09,B,Strong,High,0
E-169-222,169,222,21,26,0.13,A,Strong,High,1
E-48-244,48,244,33,45,0.09,D,Weak,High,0
E-157-194,157,194,35,35,0.09,A,Strong,High,1
E-30-131,30,131,36,37,0.11,B,Weak,High,0
E-155-266,155,266,30,36,0.11,A,Weak,High,0
E-171-197,171,197,14,37,0.11,A,Weak,High,0
E-36-95,36,95,28,30,0.11,A,Weak,High,0
E-167-245,167,245,22,33,0.07,B,Strong,High,0
E-65-257,65,257,24,27,0.08,A,Weak,High,0
E-174-266,174,266,29,36,0.09,B,Strong,High,0
E-3-136,3,136,36,29,0.1,D,Strong,High,0
E-57-137,57,137,26,33,0.08,C,Weak,High,0
E-78-187,78,187,30,42,0.09,B,Strong,High,0
E-138-187,138,187,41,42,0.11,B,Weak,High,0
E-92-106,92,106,29,23,0.14,A,Strong,High,1
E-103-117,103,117,29,29,0.11,C,Weak,High,0
E-195-234,195,234,30,22,0.09,B,Weak,High,0
E-31-220,31,220,30,36,0.12,A,Strong,High,1
E-188-297,188,297,33,28,0.13,B,Weak,High,0
E-246-249,246,249,29,25,0.12,C,Strong,High,0
E-75-203,75,203,29,35,0.08,A,Strong,High,1
E-116-175,116,175,35,33,0.11,A,Strong,High,1
E-0-299,0,299,34,24,0.09,B,Strong,High,0
E-8-293,8,293,30,27,0.09,B,Strong,High,0
E-43-104,43,104,21,18,0.08,B,Weak,High,0
E-95-262,95,262,30,32,0.08,A,Strong,High,1
E-3-249,3,249,36,25,0.1,A,Weak,High,0
E-14-283,14,283,29,29,0.11,D,Strong,High,0
E-100-204,100,204,37,36,0.09,D,Strong,High,0
E-6-152,6,152,27,27,0.14,A,Strong,High,1
E-25-196,25,196,36,32,0.11,D,Weak,High,0
E-82-107,82,107,35,28,0.09,B,Strong,High,0
E-127-187,127,187,29,42,0.1,D,Strong,High,0
E-129-226,129,226,34,22,0.12,A,Weak,High,0
E-187-257,187,257,42,27,0.1,D,Strong,High,0
E-73-149,73,149,38,26,0.1,B,Strong,High,0
E-63-107,63,107,40,28,0.12,A,Weak,High,0
E-93-245,93,245,28,33,0.13,B,Weak,High,0
E-38-235,38,235,32,29,0.09,D,Strong,High,0
E-4-51,4,51,28,31,0.11,D,Strong,High,0
E-247-294,247,294,34,27,0.11,B,Weak,High,0
E-137-163,137,163,33,30,0.11,A,Weak,High,0
E-245-279,245,279,33,39,0.1,D,Weak,High,0
E-90-110,90,110,36,35,0.11,B,Weak,High,0
E-139-187,139,187,28,42,0.12,B,Strong,High,0
E-108-118,108,118,31,28,0.1,D,Weak,High,0
E-32-51,32,51,33,31,0.11,B,Strong,High,0
E-47-109,47,109,32,29,0.11,B,Weak,High,0
E-108-281,108,281,31,24,0.1,B,Strong,High,0
E-163-276,163,276,30,33,0.11,B,Weak,High,0
E-91-123,91,123,31,24,0.08,C,Strong,High,0
E-26-210,26,210,29,36,0.1,A,Strong,High,1
E-21-104,21,104,35,18,0.09,C,Strong,High,0
E-213-248,213,248,29,37,0.08,A,Weak,High,0
E-47-218,47,218,32,31,0.11,B,Weak,High,0
E-108-182,108,182,31,26,0.1,B,Weak,High,0
E-88-258,88,258,37,27,0.09,D,Strong,High,0
E-248-272,248,272,37,22,0.1,D,Weak,High,0
E-164-207,164,207,25,34,0.11,B,Weak,High,0
E-53-259,53,259,40,36,0.08,C,Strong,High,0
E-51-205,51,205,31,35,0.1,A,Weak,High,0
E-68-107,68,107,31,28,0.09,A,Strong,High,1
E-10-112,10,112,27,39,0.08,A,Strong,High,1
E-4-297,4,297,28,28,0.11,A,Weak,High,0
E-10-109,10,109,27,29,0.08,A,Strong,High,1
E-6-131,6,131,27,37,0.14,B,Strong,High,0
E-120-293,120,293,32,27,0.12,A,Strong,High,1
E-143-257,143,257,31,27,0.09,A,Weak,High,0
E-131-175,131,175,37,33,0.12,C,Strong,High,0
E-223-275,223,275,36,37,0.09,C,Strong,High,0
E-1-172,1,172,24,23,0.07,C,Weak,High,0
E-87-188,87,188,38,33,0.11,A,Weak,High,0
E-209-255,209,255,30,29,0.12,C,Strong,High,0
E-135-145,135,145,41,38,0.09,A,Strong,High,1
E-9-180,9,180,34,34,0.11,C,Strong,High,0
E-19-51,19,51,36,31,0.12,C,Strong,High,0
E-116-155,116,155,35,30,0.11,C,Strong,High,0
E-135-160,135,160,41,27,0.09,A,Strong,High,1
E-117-224,117,224,29,33,0.08,C,Strong,High,0
E-126-263,126,263,29,24,0.08,D,Weak,High,0
E-111-207,111,207,30,34,0.11,B,Weak,High,0
E-53-246,53,246,40,29,0.08,A,Weak,High,0
E-62-298,62,298,33,36,0.11,A,Strong,High,1
E-5-59,5,59,23,36,0.11,A,Strong,High,1
E-129-206,129,206,34,40,0.12,D,Weak,High,0
E-91-156,91,156,31,23,0.08,B,Strong,High,0
E-97-246,97,246,31,29,0.11,D,Weak,High,0
E-161-206,161,206,28,40,0.11,D,Weak,High,0
E-190-294,190,294,44,27,0.11,A,Weak,High,0
E-128-224,128,224,30,33,0.12,A,Strong,High,1
E-242-259,242,259,33,36,0.09,D,Strong,High,0
E-46-92,46,92,33,29,0.1,A,Strong,High,1
E-184-290,184,290,28,27,0.08,B,Strong,High,0
E-24-129,24,129,29,34,0.12,B,Strong,High,0
E-72-109,72,109,27,29,0.11,C,Weak,High,0
E-70-130,70,130,26,30,0.12,D,Strong,High,0
E-185-205,185,205,28,35,0.09,C,Strong,High,0
E-254-262,254,262,28,32,0.1,A,Weak,High,0
E-249-295,249,295,25,26,0.08,B,Weak,High,0
E-91-96,91,96,31,33,0.08,B,Weak,High,0
E-172-238,172,238,23,32,0.08,D,Strong,High,0
E-28-295,28,295,26,26,0.09,B,Strong,High,0
E-116-272,116,272,35,22,0.11,A,Strong,High,1
E-0-161,0,161,34,28,0.09,A,Strong,High,1
E-95-251,95,251,30,37,0.08,C,Strong,High,0
E-11-57,11,57,30,26,0.09,D,Strong,High,0
E-10-249,10,249,27,25,0.08,C,Weak,High,0
E-19-230,19,230,36,25,0.12,C,Strong,High,0
E-73-288,73,288,38,30,0.1,B,Weak,High,0
E-143-274,143,274,31,36,0.09,A,Weak,High,0
E-63-289,63,289,40,32,0.12,A,Strong,High,1
E-21-54,21,54,35,28,0.09,B,Strong,High,0
E-154-196,154,196,33,32,0.12,C,Strong,High,0
E-59-64,59,64,36,38,0.11,D,Strong,High,0
E-248-297,248,297,37,28,0.1,A,Strong,High,1
E-10-56,10,56,27,25,0.08,B,Weak,High,0
E-64-213,64,213,38,29,0.11,A,Strong,High,1
E-159-183,159,183,41,27,0.11,D,Strong,High,0
E-2-126,2,126,25,29,0.12,B,Strong,High,0
E-82-164,82,164,35,25,0.09,D,Weak,High,0
E-64-211,64,211,38,27,0.11,C,Strong,High,0
E-84-199,84,199,33,30,0.1,D,Weak,High,0
E-162-250,162,250,35,26,0.11,C,Strong,High,0
E-186-231,186,231,27,31,0.09,B,Strong,High,0
E-74-106,74,106,26,23,0.08,C,Weak,High,0
E-199-288,199,288,30,30,0.11,D,Strong,High,0
E-181-299,181,299,26,24,0.1,B,Strong,High,0
E-51-58,51,58,31,31,0.1,A,Weak,High,0
E-112-173,112,173,39,18,0.1,B,Strong,High,0
E-2-43,2,43,25,21,0.12,D,Strong,High,0
E-137-297,137,297,33,28,0.11,D,Strong,High,0
E-229-273,229,273,34,30,0.07,C,Weak,High,0
E-16-235,16,235,27,29,0.12,D,Weak,High,0
E-11-91,11,91,30,31,0.09,A,Strong,High,1
E-19-69,19,69,36,28,0.12,A,Weak,High,0
E-112-223,112,223,39,36,0.1,A,Weak,High,0
E-29-73,29,73,25,38,0.08,B,Strong,High,0
E-38-157,38,157,32,35,0.09,B,Strong,High,0
E-126-276,126,276,29,33,0.08,A,Strong,High,1
E-71-212,71,212,28,29,0.1,C,Weak,High,0
E-143-278,143,278,31,29,0.09,A,Weak,High,0
E-89-157,89,157,35,35,0.08,B,Strong,High,0
E-40-209,40,209,23,30,0.12,A,Weak,High,0
E-189-262,189,262,31,32,0.12,D,Strong,High,0
E-61-141,61,141,30,31,0.13,A,Strong,High,1
E-204-228,204,228,36,20,0.11,A,Strong,High,1
E-46-55,46,55,33,31,0.1,B,Weak,High,0
E-251-268,251,268,37,30,0.11,D,Strong,High,0
E-17-155,17,155,25,30,0.12,A,Strong,High,1
E-7-48,7,48,31,33,0.12,A,Strong,High,1
E-53-159,53,159,40,41,0.08,B,Strong,High,0
E-105-272,105,272,40,22,0.1,D,Weak,High,0
E-44-88,44,88,25,37,0.1,D,Strong,High,0
E-49-177,49,177,28,38,0.11,B,Strong,High,0
E-244-285,244,285,45,33,0.1,C,Weak,High,0
E-19-110,19,110,36,35,0.12,B,Strong,High,0
E-32-244,32,244,33,45,0.11,D,Weak,High,0
E-179-184,179,184,37,28,0.1,A,Weak,High,0
E-243-249,243,249,26,25,0.09,C,Strong,High,0
E-38-55,38,55,32,31,0.09,D,Strong,High,0
E-24-167,24,167,29,22,0.12,A,Weak,High,0
E-3-149,3,149,36,26,0.1,A,Strong,High,1
E-4-252,4,252,28,30,0.11,A,Strong,High,1
E-64-270,64,270,38,38,0.11,B,Weak,High,0
E-73-91,73,91,38,31,0.1,D,Weak,High,0
E-57-224,57,224,26,33,0.08,A,Weak,High,0
E-136-185,136,185,29,28,0.12,D,Strong,High,0
E-40-254,40,254,23,28,0.12,D,Strong,High,0
E-84-262,84,262,33,32,0.1,A,Strong,High,1
E-25-298,25,298,36,36,0.11,C,Strong,High,0
E-243-255,243,255,26,29,0.09,D,Weak,High,0
E-54-278,54,278,28,29,0.11,C,Strong,High,0
E-67-294,67,294,17,27,0.09,A,Weak,High,0
E-42-250,42,250,28,26,0.11,D,Weak,High,0
E-82-224,82,224,35,33,0.09,A,Strong,High,1
E-81-135,81,135,37,41,0.1,D,Weak,High,0
E-100-142,100,142,37,26,0.09,B,Weak,High,0
E-89-167,89,167,35,22,0.08,D,Strong,High,0
E-139-289,139,289,28,32,0.12,B,Weak,High,0
E-15-137,15,137,32,33,0.11,D,Weak,High,0
E-186-216,186,216,27,29,0.09,B,Weak,High,0
E-92-111,92,111,29,30,0.14,B,Weak,High,0
E-5-64,5,64,23,38,0.11,B,Strong,High,0
E-178-258,178,258,25,27,0.1,B,Weak,High,0
E-150-293,150,293,42,27,0.09,D,Weak,High,0
E-76-147,76,147,31,36,0.1,B,Strong,High,0
E-163-230,163,230,30,25,0.11,B,Strong,High,0
E-195-259,195,259,30,36,0.09,D,Weak,High,0
E-7-89,7,89,31,35,0.12,A,Strong,High,1
E-84-222,84,222,33,26,0.1,D,Strong,High,0
E-38-135,38,135,32,41,0.09,C,Weak,High,0
E-8-182,8,182,30,26,0.09,D,Strong,High,0
E-30-297,30,297,36,28,0.11,C,Weak,High,0
E-92-187,92,187,29,42,0.14,A,Weak,High,0
E-147-276,147,276,36,33,0.1,A,Strong,High,1
E-88-195,88,195,37,30,0.09,C,Strong,High,0
E-28-267,28,267,26,35,0.09,D,Weak,High,0
E-134-232,134,232,32,37,0.09,D,Strong,High,0
E-13-171,13,171,29,14,0.09,A,Strong,High,1
E-168-206,168,206,23,40,0.11,D,Strong,High,0
E-154-225,154,225,33,29,0.12,C,Weak,High,0
E-82-150,82,150,35,42,0.09,D,Strong,High,0
E-13-284,13,284,29,33,0.09,C,Strong,High,0
E-20-271,20,271,32,33,0.1,C,Strong,High,0
E-107-138,107,138,28,41,0.09,D,Strong,High,0
E-16-206,16,206,27,40,0.12,A,Strong,High,1
E-53-92,53,92,40,29,0.08,A,Weak,High,0
E-116-146,116,146,35,29,0.11,C,Strong,High,0
E-165-287,165,287,26,39,0.1,B,Strong,High,0
E-67-74,67,74,17,26,0.09,A,Weak,High,0
E-13-143,13,143,29,31,0.09,B,Weak,High,0
E-130-206,130,206,30,40,0.09,B,Strong,High,0
E-45-116,45,116,31,35,0.09,C,Weak,High,0
E-129-175,129,175,34,33,0.12,D,Weak,High,0
E-98-290,98,290,31,27,0.12,B,Strong,High,0
E-136-256,136,256,29,29,0.12,D,Weak,High,0
E-171-172,171,172,14,23,0.11,C,Strong,High,0
E-77-147,77,147,26,36,0.09,A,Weak,High,0
E-44-186,44,186,25,27,0.1,A,Strong,High,1
E-15-27,15,27,32,29,0.11,D,Strong,High,0
E-62-222,62,222,33,26,0.11,B,Strong,High,0
E-6-263,6,263,27,24,0.14,C,Weak,High,0
E-52-234,52,234,22,22,0.15,C,Strong,High,0
E-47-185,47,185,32,28,0.11,C,Weak,High,0
E-27-210,27,210,29,36,0.1,B,Weak,High,0
E-210-287,210,287,36,39,0.09,B,Strong,High,0
E-49-234,49,234,28,22,0.11,D,Weak,High,0
E-39-183,39,183,27,27,0.1,D,Weak,High,0
E-244-281,244,281,45,24,0.1,D,Weak,High,0
E-55-183,55,183,31,27,0.08,B,Strong,High,0
E-161-298,161,298,28,36,0.11,C,Weak,High,0
E-83-278,83,278,23,29,0.09,C,Weak,High,0
E-139-281,139,281,28,24,0.12,A,Strong,High,1
E-124-135,124,135,23,41,0.11,D,Weak,High,0
E-61-150,61,150,30,42,0.13,A,Weak,High,0
E-2-122,2,122,25,28,0.12,D,Weak,High,0
E-35-268,35,268,36,30,0.1,B,Weak,High,0
E-45-214,45,214,31,33,0.09,D,Strong,High,0
E-26-178,26,178,29,25,0.1,D,Weak,High,0
E-105-190,105,190,40,44,0.1,A,Strong,High,1
E-145-191,145,191,38,31,0.11,B,Weak,High,0
E-47-150,47,150,32,42,0.11,A,Strong,High,1
E-229-288,229,288,34,30,0.07,D,Strong,High,0
E-38-107,38,107,32,28,0.09,C,Strong,High,0
E-5-259,5,259,23,36,0.11,C,Weak,High,0
E-29-37,29,37,25,25,0.08,C,Weak,High,0
E-54-219,54,219,28,32,0.11,A,Strong,High,1
E-175-179,175,179,33,37,0.12,B,Weak,High,0
E-203-232,203,232,35,37,0.12,D,Strong,High,0
E-68-100,68,100,31,37,0.09,B,Weak,High,0
E-269-285,269,285,30,33,0.1,A,Weak,High,0
E-47-194,47,194,32,35,0.11,A,Weak,High,0
E-226-256,226,256,22,29,0.08,D,Weak,High,0
E-47-72,47,72,32,27,0.11,C,Weak,High,0
E-72-132,72,132,27,24,0.11,B,Weak,High,0
E-169-277,169,277,21,23,0.13,B,Strong,High,0
E-125-272,125,272,35,22,0.1,C,Strong,High,0
E-2-279,2,279,25,39,0.12,A,Weak,High,0
E-10-70,10,70,27,26,0.08,D,Weak,High,0
E-92-248,92,248,29,37,0.14,D,Strong,High,0
E-78-287,78,287,30,39,0.09,A,Weak,High,0
E-183-293,183,293,27,27,0.11,C,Strong,High,0
E-35-217,35,217,36,24,0.1,B,Weak,High,0
E-250-275,250,275,26,37,0.11,D,Weak,High,0
E-24-257,24,257,29,27,0.12,B,Weak,High,0
E-264-292,264,292,30,27,0.07,B,Weak,High,0
E-146-188,146,188,29,33,0.08,B,Strong,High,0
E-4-59,4,59,28,36,0.11,A,Strong,High,1
E-5-83,5,83,23,23,0.11,A,Weak,High,0
E-235-254,235,254,29,28,0.1,B,Strong,High,0
E-98-159,98,159,31,41,0.12,A,Strong,High,1
E-174-188,174,188,29,33,0.09,D,Strong,High,0
E-131-236,131,236,37,29,0.12,D,Strong,High,0
E-22-129,22,129,21,34,0.09,D,Weak,High,0
E-62-132,62,132,33,24,0.11,D,Weak,High,0
E-187-297,187,297,42,28,0.1,B,Strong,High,0
E-98-103,98,103,31,29,0.12,A,Strong,High,1
E-203-255,203,255,35,29,0.12,C,Weak,High,0
E-0-45,0,45,34,31,0.09,A,Weak,High,0
E-94-239,94,239,26,30,0.1,A,Weak,High,0
E-46-89,46,89,33,35,0.1,A,Weak,High,0
E-61-164,61,164,30,25,0.13,C,Weak,High,0
E-190-256,190,256,44,29,0.11,D,Weak,High,0
E-60-282,60,282,32,26,0.1,B,Weak,High,0
E-46-155,46,155,33,30,0.1,C,Strong,High,0
E-253-260,253,260,22,24,0.11,A,Weak,High,0
E-162-288,162,288,35,30,0.11,A,Strong,High,1
E-127-211,127,211,29,27,0.1,A,Strong,High,1
E-146-225,146,225,29,29,0.08,A,Weak,High,0
E-72-238,72,238,27,32,0.11,B,Weak,High,0
E-212-250,212,250,29,26,0.12,D,Weak,High,0
E-47-121,47,121,32,24,0.11,C,Weak,High,0
E-10-270,10,270,27,38,0.08,B,Strong,High,0
E-60-185,60,185,32,28,0.1,A,Weak,High,0
E-169-251,169,251,21,37,0.13,C,Strong,High,0
E-125-291,125,291,35,20,0.1,A,Strong,High,1
E-251-255,251,255,37,29,0.11,C,Weak,High,0
E-101-166,101,166,33,30,0.1,D,Strong,High,0
E-193-232,193,232,27,37,0.08,D,Strong,High,0
E-128-153,128,153,30,40,0.12,C,Weak,High,0
E-59-233,59,233,36,23,0.11,D,Strong,High,0
E-57-139,57,139,26,28,0.08,C,Weak,High,0
E-6-189,6,189,27,31,0.14,D,Strong,High,0
E-7-98,7,98,31,31,0.12,D,Weak,High,0
E-59-273,59,273,36,30,0.11,B,Weak,High,0
E-14-233,14,233,29,23,0.11,A,Weak,High,0
E-37-240,37,240,25,26,0.12,D,Strong,High,0
E-88-268,88,268,37,30,0.09,D,Strong,High,0
E-27-61,27,61,29,30,0.1,C,Strong,High,0
E-269-289,269,289,30,32,0.1,B,Strong,High,0
E-205-245,205,245,35,33,0.11,A,Strong,High,1
E-10-207,10,207,27,34,0.08,C,Strong,High,0
E-80-175,80,175,28,33,0.1,C,Strong,High,0
E-65-245,65,245,24,33,0.08,B,Weak,High,0
E-54-99,54,99,28,30,0.11,C,Strong,High,0
E-24-39,24,39,29,27,0.12,C,Strong,High,0
E-131-144,131,144,37,34,0.12,C,Strong,High,0
E-8-181,8,181,30,26,0.09,A,Weak,High,0
E-45-234,45,234,31,22,0.09,D,Strong,High,0
E-70-125,70,125,26,35,0.12,D,Strong,High,0
E-225-298,225,298,29,36,0.09,C,Strong,High,0
E-92-119,92,119,29,27,0.14,D,Strong,High,0
E-40-41,40,41,23,19,0.12,C,Strong,High,0
E-202-285,202,285,31,33,0.09,A,Strong,High,1
E-59-63,59,63,36,40,0.11,D,Strong,High,0
E-97-98,97,98,31,31,0.11,B,Weak,High,0
E-240-256,240,256,26,29,0.11,A,Strong,High,1
E-7-137,7,137,31,33,0.12,B,Weak,High,0
E-106-126,106,126,23,29,0.12,D,Weak,High,0
E-3-66,3,66,36,35,0.1,B,Weak,High,0
E-53-217,53,217,40,24,0.08,B,Weak,High,0
E-52-150,52,150,22,42,0.15,D,Strong,High,0
E-30-96,30,96,36,33,0.11,B,Weak,High,0
E-40-273,40,273,23,30,0.12,B,Weak,High,0
E-69-298,69,298,28,36,0.09,D,Weak,High,0
E-154-275,154,275,33,37,0.12,D,Weak,High,0
E-55-119,55,119,31,27,0.08,C,Strong,High,0
E-60-127,60,127,32,29,0.1,C,Weak,High,0
E-6-160,6,160,27,27,0.14,C,Strong,High,0
E-113-271,113,271,28,33,0.11,D,Strong,High,0
E-15-168,15,168,32,23,0.11,D,Strong,High,0
E-86-115,86,115,26,24,0.06,A,Strong,High,1
E-163-189,163,189,30,31,0.11,A,Weak,High,0
E-40-140,40,140,23,32,0.12,C,Strong,High,0
E-6-212,6,212,27,29,0.14,C,Weak,High,0
E-58-201,58,201,31,20,0.11,A,Strong,High,1
E-110-264,110,264,35,30,0.1,D,Weak,High,0
E-9-212,9,212,34,29,0.11,C,Strong,High,0
E-13-72,13,72,29,27,0.09,B,Weak,High,0
E-21-139,21,139,35,28,0.09,B,Strong,High,0
E-9-144,9,144,34,34,0.11,D,Strong,High,0
E-145-194,145,194,38,35,0.11,C,Weak,High,0
E-179-221,179,221,37,29,0.1,A,Weak,High,0
E-50-261,50,261,33,21,0.09,B,Weak,High,0
E-84-177,84,177,33,38,0.1,D,Strong,High,0
E-38-192,38,192,32,28,0.09,D,Strong,High,0
E-79-246,79,246,34,29,0.09,D,Weak,High,0
E-7-241,7,241,31,23,0.12,B,Strong,High,0
E-19-260,19,260,36,24,0.12,B,Weak,High,0
E-239-261,239,261,30,21,0.13,D,Weak,High,0
E-207-270,207,270,34,38,0.11,C,Weak,High,0
E-160-279,160,279,27,39,0.11,C,Weak,High,0
E-16-95,16,95,27,30,0.12,D,Strong,High,0
E-265-277,265,277,30,23,0.12,C,Strong,High,0
E-111-155,111,155,30,30,0.11,B,Strong,High,0
E-66-91,66,91,35,31,0.08,D,Weak,High,0
E-48-118,48,118,33,28,0.09,A,Strong,High,1
E-149-182,149,182,26,26,0.1,B,Strong,High,0
E-42-104,42,104,28,18,0.11,C,Strong,High,0
E-47-145,47,145,32,38,0.11,B,Strong,High,0
E-98-116,98,116,31,35,0.12,B,Weak,High,0
E-236-269,236,269,29,30,0.11,B,Strong,High,0
E-93-288,93,288,28,30,0.13,D,Strong,High,0
E-22-130,22,130,21,30,0.09,C,Weak,High,0
E-207-232,207,232,34,37,0.11,B,Strong,High,0
E-116-295,116,295,35,26,0.11,A,Strong,High,1
E-6-278,6,278,27,29,0.14,A,Weak,High,0
E-204-279,204,279,36,39,0.11,C,Weak,High,0
E-130-229,130,229,30,34,0.09,B,Weak,High,0
E-11-49,11,49,30,28,0.09,A,Strong,High,1
E-85-259,85,259,23,36,0.09,B,Strong,High,0
E-102-248,102,248,19,37,0.09,A,Weak,High,0
E-107-137,107,137,28,33,0.09,D,Weak,High,0
E-81-222,81,222,37,26,0.1,C,Weak,High,0
E-3-278,3,278,36,29,0.1,D,Weak,High,0
E-92-245,92,245,29,33,0.14,B,Weak,High,0
E-97-269,97,269,31,30,0.11,B,Weak,High,0
E-200-262,200,262,21,32,0.1,B,Weak,High,0
E-38-244,38,244,32,45,0.09,D,Weak,High,0
E-223-237,223,237,36,25,0.09,A,Strong,High,1
E-87-136,87,136,38,29,0.11,B,Strong,High,0
E-175-180,175,180,33,34,0.12,B,Strong,High,0
E-138-262,138,262,41,32,0.11,C,Strong,High,0
E-77-125,77,125,26,35,0.09,C,Weak,High,0
E-73-164,73,164,38,25,0.1,B,Weak,High,0
E-39-89,39,89,27,35,0.1,C,Strong,High,0
E-91-214,91,214,31,33,0.08,D,Weak,High,0
E-22-39,22,39,21,27,0.09,B,Strong,High,0
E-281-282,281,282,24,26,0.1,C,Weak,High,0
E-162-175,162,175,35,33,0.11,B,Weak,High,0
E-221-236,221,236,29,29,0.1,D,Strong,High,0
E-30-187,30,187,36,42,0.11,A,Strong,High,1
E-192-276,192,276,28,33,0.09,A,Strong,High,1
E-110-179,110,179,35,37,0.1,A,Weak,High,0
E-227-231,227,231,30,31,0.14,C,Weak,High,0
E-81-277,81,277,37,23,0.1,C,Weak,High,0
E-35-278,35,278,36,29,0.1,B,Weak,High,0
E-91-94,91,94,31,26,0.08,D,Weak,High,0
E-48-163,48,163,33,30,0.09,D,Strong,High,0
E-28-148,28,148,26,29,0.09,C,Weak,High,0
E-9-20,9,20,34,32,0.11,A,Strong,High,1
E-28-55,28,55,26,31,0.09,D,Strong,High,0
E-18-138,18,138,30,41,0.08,B,Strong,High,0
E-172-244,172,244,23,45,0.08,D,Strong,High,0
E-274-285,274,285,36,33,0.09,B,Weak,High,0
E-135-181,135,181,41,26,0.09,A,Weak,High,0
E-61-89,61,89,30,35,0.13,D,Weak,High,0
E-149-169,149,169,26,21,0.1,D,Strong,High,0
E-128-267,128,267,30,35,0.12,A,Strong,High,1
E-69-120,69,120,28,32,0.09,C,Weak,High,0
E-21-130,21,130,35,30,0.09,A,Weak,High,0
E-251-297,251,297,37,28,0.11,B,Strong,High,0
E-250-299,250,299,26,24,0.11,C,Weak,High,0
E-147-166,147,166,36,30,0.1,A,Strong,High,1
E-76-210,76,210,31,36,0.1,C,Weak,High,0
E-15-100,15,100,32,37,0.11,C,Weak,High,0
E-262-293,262,293,32,27,0.09,B,Strong,High,0
E-17-277,17,277,25,23,0.12,D,Strong,High,0
E-12-203,12,203,20,35,0.13,B,Weak,High,0
E-100-289,100,289,37,32,0.09,C,Strong,High,0
E-59-155,59,155,36,30,0.11,D,Weak,High,0
E-117-125,117,125,29,35,0.08,B,Weak,High,0
E-226-296,226,296,22,31,0.08,C,Weak,High,0
E-31-105,31,105,30,40,0.12,A,Weak,High,0
E-57-123,57,123,26,24,0.08,A,Weak,High,0
E-62-204,62,204,33,36,0.11,A,Strong,High,1
E-43-108,43,108,21,31,0.08,D,Strong,High,0
E-32-298,32,298,33,36,0.11,C,Strong,High,0
E-157-266,157,266,35,36,0.09,C,Strong,High,0
E-34-44,34,44,34,25,0.09,D,Weak,High,0
E-178-180,178,180,25,34,0.1,B,Weak,High,0
E-109-183,109,183,29,27,0.1,C,Strong,High,0
E-159-257,159,257,41,27,0.11,A,Strong,High,1
E-104-155,104,155,18,30,0.11,B,Weak,High,0
E-99-265,99,265,30,30,0.13,A,Strong,High,1
E-126-283,126,283,29,29,0.08,C,Strong,High,0
E-116-239,116,239,35,30,0.11,A,Weak,High,0
E-38-52,38,52,32,22,0.09,B,Strong,High,0
E-214-287,214,287,33,39,0.09,D,Strong,High,0
E-194-221,194,221,35,29,0.1,D,Strong,High,0
E-12-248,12,248,20,37,0.13,C,Weak,High,0
E-107-215,107,215,28,33,0.09,B,Weak,High,0
E-46-207,46,207,33,34,0.1,B,Strong,High,0
E-101-164,101,164,33,25,0.1,A,Strong,High,1
E-107-205,107,205,28,35,0.09,A,Strong,High,1
E-44-280,44,280,25,22,0.1,B,Strong,High,0
E-121-250,121,250,24,26,0.11,C,Weak,High,0
E-120-181,120,181,32,26,0.12,C,Strong,High,0
E-54-220,54,220,28,36,0.11,C,Strong,High,0
E-56-89,56,89,25,35,0.08,B,Strong,High,0
E-183-264,183,264,27,30,0.11,C,Weak,High,0
E-133-178,133,178,26,25,0.1,A,Strong,High,1
E-71-263,71,263,28,24,0.1,A,Weak,High,0
E-11-216,11,216,30,29,0.09,B,Weak,High,0
E-25-206,25,206,36,40,0.11,A,Weak,High,0
E-166-219,166,219,30,32,0.11,A,Strong,High,1
E-59-112,59,112,36,39,0.11,C,Weak,High,0
E-197-215,197,215,37,33,0.07,D,Weak,High,0
E-125-285,125,285,35,33,0.1,D,Weak,High,0
E-32-284,32,284,33,33,0.11,C,Weak,High,0
E-95-155,95,155,30,30,0.08,C,Weak,High,0
E-88-280,88,280,37,22,0.09,C,Weak,High,0
E-235-260,235,260,29,24,0.1,C,Strong,High,0
E-41-140,41,140,19,32,0.1,A,Weak,High,0
E-53-283,53,283,40,29,0.08,B,Weak,High,0
E-136-169,136,169,29,21,0.12,B,Weak,High,0
E-21-23,21,23,35,30,0.09,A,Weak,High,0
E-30-286,30,286,36,31,0.11,C,Weak,High,0
E-39-288,39,288,27,30,0.1,A,Strong,High,1
E-162-206,162,206,35,40,0.11,A,Weak,High,0
E-203-214,203,214,35,33,0.12,D,Strong,High,0
E-71-294,71,294,28,27,0.1,D,Strong,High,0
E-190-265,190,265,44,30,0.11,D,Strong,High,0
E-16-47,16,47,27,32,0.12,B,Weak,High,0
E-29-87,29,87,25,38,0.08,D,Weak,High,0
E-38-100,38,100,32,37,0.09,C,Strong,High,0
E-43-65,43,65,21,24,0.08,D,Strong,High,0
E-77-95,77,95,26,30,0.09,C,Strong,High,0
E-0-125,0,125,34,35,0.09,A,Strong,High,1
E-145-202,145,202,38,31,0.11,A,Strong,High,1
E-134-265,134,265,32,30,0.09,D,Weak,High,0
E-224-286,224,286,33,31,0.08,B,Strong,High,0
E-90-241,90,241,36,23,0.11,C,Weak,High,0
E-121-133,121,133,24,26,0.11,B,Weak,High,0
E-12-292,12,292,20,27,0.13,D,Strong,High,0
E-53-134,53,134,40,32,0.08,A,Weak,High,0
E-223-256,223,256,36,29,0.09,B,Weak,High,0
E-168-247,168,247,23,34,0.11,D,Weak,High,0
E-125-234,125,234,35,22,0.1,B,Strong,High,0
E-69-144,69,144,28,34,0.09,B,Weak,High,0
E-44-160,44,160,25,27,0.1,C,Strong,High,0
E-20-133,20,133,32,26,0.1,B,Strong,High,0
E-198-263,198,263,28,24,0.09,C,Strong,High,0
E-117-126,117,126,29,29,0.08,C,Weak,High,0
E-231-287,231,287,31,39,0.11,B,Weak,High,0
E-135-199,135,199,41,30,0.09,D,Strong,High,0
E-133-145,133,145,26,38,0.1,C,Strong,High,0
E-39-206,39,206,27,40,0.1,D,Strong,High,0
E-17-194,17,194,25,35,0.12,D,Strong,High,0
E-26-53,26,53,29,40,0.1,A,Strong,High,1
E-174-219,174,219,29,32,0.09,D,Strong,High,0
E-96-152,96,152,33,27,0.11,A,Strong,High,1
E-194-266,194,266,35,36,0.1,D,Strong,High,0
